index,date,median,max,functions
0,1999-12-29T14:20:26+00:00,56,4108713984,113
267,2000-07-25T07:31:35+00:00,56,338162688,139
534,2000-11-13T19:58:40+00:00,50,1604966400,195
801,2001-01-23T10:14:43+00:00,48,1427300352,201
1068,2001-03-15T14:37:41+00:00,52,98107392,210
1335,2001-05-29T19:17:03+00:00,52,102187008,217
1602,2001-08-23T11:12:07+00:00,60,137465856,228
1869,2001-10-31T14:48:10+00:00,66,44421120,253
2136,2002-01-17T10:40:13+00:00,62,95625216,292
2403,2002-04-02T13:29:05+00:00,60,100417536,291
2670,2002-08-12T09:45:59+00:00,64,143032320,303
2937,2002-12-10T13:08:22+00:00,56,4495990860,321
3204,2003-03-15T16:51:43+00:00,60,4495990860,318
3471,2003-06-12T19:17:08+00:00,57,4572518364,340
3738,2003-08-19T09:56:16+00:00,64,15955984584,359
4005,2003-10-30T10:30:41+00:00,70,1840321658880,357
4272,2004-01-13T08:36:29+00:00,64,1840321658880,363
4539,2004-02-17T07:41:10+00:00,64,1838601732096,367
4806,2004-03-11T21:51:55+00:00,60,1838601732096,379
5073,2004-04-21T06:56:54+00:00,58,1838601732096,395
5340,2004-05-17T10:53:34+00:00,60,990763330536,417
5607,2004-07-01T14:06:44+00:00,64,110084814504,433
5874,2004-09-13T20:48:24+00:00,62,110084814504,440
6141,2004-11-29T08:10:10+00:00,65,110084814504,452
6408,2005-01-30T12:42:15+00:00,65,119268114984,462
6675,2005-04-12T07:19:34+00:00,55,552031150104,530
6942,2005-06-26T10:08:08+00:00,56,552031150104,532
7209,2005-11-10T16:40:08+00:00,56,552031150104,549
7476,2006-02-11T12:56:52+00:00,56,552031150104,550
7743,2006-07-07T07:22:05+00:00,52,3134486595008936376,607
8010,2006-09-24T10:41:00+00:00,54,6169439610741865394656354630340736,635
8277,2006-12-16T22:28:08+00:00,54,124423516301530729196059364855040600960,649
8544,2007-02-25T17:34:10+00:00,56,3486314886378427118581086563916815740032,671
8811,2007-04-16T11:55:43+00:00,56,95765523057591037723803047797913524174080,678
9078,2007-07-13T20:04:53+00:00,56,305165014328640709234508980360912242276672,703
9345,2007-09-28T14:26:11+00:00,56,305165014328640709234508980360912242276672,728
9612,2007-11-20T23:16:19+00:00,56,93157275071876159867097842837563846889664,735
9879,2008-02-06T16:54:01+00:00,60,14079971587197540313888835135956668864,743
10146,2008-05-07T21:20:45+00:00,60,18426927808337181073221618579276288,744
10413,2008-07-27T03:16:37+00:00,60,13267388022002770372719565377078927360,760
10680,2008-08-26T10:48:52+00:00,64,1095544017640182824928965242099890155520,771
10947,2008-10-07T23:20:06+00:00,62,31835331964944446144859549764798714449920,787
11214,2008-11-15T23:47:01+00:00,64,31835331964944446144859549764798714449920,787
11481,2009-02-23T16:28:51+00:00,63,1144909952577175465220391752142519521280,810
11748,2009-05-11T08:55:58+00:00,61,1152504711798251256034457369072154808320,810
12015,2009-07-31T00:10:38+00:00,60,1152504711798251256034457369072154808320,814
12282,2009-11-09T13:24:11+00:00,60,16541385583503072393034913672745655173120,820
12549,2010-01-18T20:20:07+00:00,52,16438856334018549217045027844195578798080,915
12816,2010-03-24T14:19:50-04:00,52,16434584281956694084712115934672658949120,942
13083,2010-06-24T23:45:44+02:00,52,1584499837690006727144694330141449059415040,1010
13350,2010-10-02T10:00:42-07:00,52,32908044660163053360445440,1032
13617,2011-01-12T02:33:39+01:00,52,32908044660163053360445440,1065
13884,2011-04-21T07:55:53-07:00,52,395892491876362583932723200,1094
14151,2011-08-05T13:20:22+02:00,52,395228521240091954861137920,1113
14418,2011-10-03T23:28:17+02:00,52,1191661299446711526227681280,1124
14685,2012-01-04T19:34:52+01:00,52,1201620858990770962301460480,1144
14952,2012-05-22T10:56:50+02:00,53,1201620858990770962301460480,1164
15219,2012-06-28T12:49:12+02:00,52,1201620858990770962301460480,1229
15486,2012-10-09T22:19:49+02:00,52,1205106704831191764927283200,1242
15753,2013-01-20T20:23:20+01:00,52,1198632991127553131479326720,1271
16020,2013-02-28T21:09:27+00:00,52,1198632991127553131479326720,1282
16287,2013-04-15T20:27:45+01:00,49,400208301012121672898027520,1308
16554,2013-07-29T14:51:09+02:00,52,412159772464992996186562560,1375
16821,2013-09-22T12:59:28+01:00,52,136362969424080445576826880,1400
17088,2013-12-02T15:00:13+01:00,52,136362969424080445576826880,1410
17355,2014-01-29T13:57:21+01:00,54,1254157535585684487590645760,1419
17622,2014-03-15T13:07:55+01:00,54,1255153491540090431198023680,1448
17889,2014-05-20T20:02:21+01:00,54,1256149447494496374805401600,1467
18156,2014-08-08T08:34:51+02:00,54,46708489898760225660825600,1481
18423,2014-10-24T09:08:22+02:00,56,143998631741192679900057600,1488
18690,2014-11-26T23:31:54+00:00,56,146128870865894281504727040,1493
18957,2015-01-04T00:30:55+00:00,56,146128870865894281504727040,1539
19224,2015-03-16T23:56:11+01:00,53,48414525561400036469760000,1502
19491,2015-05-18T09:33:48+02:00,52,7736012324352000,1518
19758,2015-08-09T18:02:53+01:00,52,7730061545640960,1529
20025,2015-11-13T23:12:48+01:00,52,7730061545640960,1547
20292,2016-02-23T13:08:11+01:00,53,7730061545640960,1548
20559,2016-04-08T13:25:20+02:00,52,7783618554040320,1558
20826,2016-06-29T23:13:09+02:00,52,15614843337768960,1573
21093,2016-10-18T13:14:11+02:00,52,15733858911989760,1588
21360,2016-12-24T13:51:12-05:00,52,3852248500149166080,1606
21627,2017-03-22T10:48:20+01:00,52,3833449990200990720,1625
21894,2017-05-23T22:45:39+03:00,50,15972708292504128,1635
22161,2017-08-02T12:50:30+02:00,48,185887449986112,1639
22428,2017-09-15T16:56:23+02:00,44,185887449986112,1737
22695,2017-12-05T17:05:44+01:00,44,2244931268739840,1808
22962,2018-03-16T16:01:01+01:00,42,2264568838486272,1828
23229,2018-06-15T16:51:12+02:00,42,183140868072031488,1852
23496,2018-09-14T11:57:20+02:00,42,183213170033370624,1905
23763,2018-11-30T22:48:09+01:00,41,190009554399249408,1904
24030,2019-02-27T08:37:56+01:00,40,194492276002275840,1906
24297,2019-05-16T15:32:42+02:00,42,33152346084708,1893
24564,2019-08-05T14:20:51+02:00,42,33263923185540,1985
24831,2019-09-28T18:10:43+02:00,42,32957086158252,1988
25098,2019-12-26T02:26:08-05:00,42,33012874708668,2026
25365,2020-03-05T15:32:13+01:00,42,33068663259084,2051
25632,2020-04-20T10:12:22+02:00,42,33347606011164,2085
25899,2020-06-19T23:29:26+02:00,40,33849702964908,2102
26166,2020-09-03T18:02:27+02:00,40,56653617321216,2119
26433,2020-11-19T01:40:24+01:00,40,56653617321216,2140
26700,2021-01-22T01:47:04-05:00,42,684604030823424,2170
26967,2021-03-28T23:19:55+02:00,44,228730301715456,2168
27234,2021-06-01T17:55:35+02:00,44,228730301715456,2197
27501,2021-08-08T22:57:29+02:00,44,220311051835392,2204
27768,2021-10-18T16:27:02+02:00,46,226482229757952,2215
28035,2022-01-02T22:53:47+01:00,46,227055267707904,2227
28302,2022-02-25T11:31:11+01:00,46,227055267707904,2213
28569,2022-05-10T09:43:08+02:00,46.5,227055267707904,2250
28836,2022-07-10T15:49:14+02:00,48,227055267707904,2256
29103,2022-09-15T09:31:45+02:00,48,227055267707904,2272
29370,2022-11-07T12:19:36+01:00,48,227055267707904,2278
29637,2023-01-02T16:03:28+01:00,54,8991426723409116,2453
29904,2023-02-27T15:11:13+01:00,56,9059209812164556,2517
30171,2023-04-10T11:50:51-07:00,56,9059209812164556,2654
30438,2023-06-01T08:19:21+02:00,56,9038874885537924,2682
30705,2023-08-02T16:23:45+02:00,56,9059209812164556,2625
30972,2023-09-16T23:38:36+02:00,56,9099879665417820,2613
31239,2023-10-27T17:13:24+02:00,56,9099879665417820,2631
31506,2023-12-22T10:06:01+01:00,56,37252804540284,2644
31773,2024-02-20T11:36:12+01:00,60,36890178962580,2717
32040,2024-04-12T13:25:44+02:00,56,73612992273912,2835
32307,2024-05-24T16:38:17-07:00,56,76346631244296,2888
32574,2024-07-02T19:26:15+02:00,56,76960305298872,2973
32841,2024-08-06T11:05:48+02:00,56,76960305298872,2999
33108,2024-08-28T13:58:10+02:00,56,77685556454280,3038
33375,2024-09-26T23:24:14+02:00,56,77685556454280,3038
33642,2024-10-26T23:45:32+02:00,56,24875724340224,3065
33909,2024-12-23T23:03:10+01:00,56,51397784874,3074
34176,2025-02-03T20:10:09+01:00,56,154193354622,3114
34443,2025-02-26T12:35:03+01:00,56,103525832982528,3100
34710,2025-03-24T22:41:53+01:00,56,103525832982528,3126
34977,2025-04-25T17:39:27+02:00,56,67669445412,3201
35244,2025-06-05T12:41:15+02:00,56,66808510992,3312
35511,2025-07-09T13:52:17+02:00,56,66808510992,3316
35778,2025-08-05T13:47:47+02:00,56,66808510992,3308
36045,2025-09-12T11:03:44+02:00,56,66808510992,3355
36312,2025-10-06T03:26:43+02:00,58,66636324108,3318
36579,2025-10-21T17:18:35+02:00,56,66636324108,3339
36846,2025-11-12T21:40:21+01:00,56,66636324108,3343
37113,2025-12-01T18:09:09+01:00,56,66980697876,3377
37380,2025-12-22T23:01:05+01:00,56,66980697876,3386
37647,2026-01-21T21:01:46+01:00,56,17147058656256,3355
37914,2026-02-26T17:13:16+01:00,56,262519949721600,3379
38181,2026-03-21T18:54:23+01:00,56,262519949721600,3393
38448,2026-04-17T10:01:49+02:00,56,262519949721600,3555
38715,2026-05-20T11:53:29+02:00,56,2362679547494400,3631
38982,2026-06-15T14:27:07+02:00,56,7088038642483200,3714
39249,2026-07-23T12:56:18+02:00,60,7035142831718400,3758
39516,2026-08-26T10:02:09+02:00,60,7008694926336000,3832
39783,2026-09-19T10:41:09+02:00,60,1756987250363596800,3837
